{
    "available_space": true,
    "file_sizes": {
        "EXTREMODURO - Al mundo libre (In\u00e9dita)-s1rNYqkyl18.mp4": 5.127169609069824,
        "EXTREMODURO. CALLE ESPERANZA S_N-31x0_FXZK0M.mp4": 15.51180362701416,
        "EXTREMODURO. DESARRAIGO-5wzAB1zW-mk.mp4": 16.812060356140137,
        "EXTREMODURO. OTRA IN\u00daTIL CANCI\u00d3N PARA LA PAZ-05g7_GhljRU.mp4": 13.47618293762207,
        "Exit-dolfgOKNKSE.mp4": 6.3220367431640625,
        "Extrechinato y tu - abrazado a la tristeza-oXxAJ3tV-mM.mp4": 10.75647258758545,
        "Extreme - More Than Words (Official Video)-UrIiLvg58SY.mp4": 14.749104499816895,
        "Extremoduro - 01 - Extremaydura (Robe, mi Peque\u00f1a Historia) [CD1]-ERGvzDE32M8.mp4": 3.9869861602783203,
        "Extremoduro - 03 - Todos me Dicen (Agila Ac\u00fastico) [Sala Estudio Rock, Madrid 1995]-Qm1G9R6qkrQ.mp4": 12.581119537353516,
        "Extremoduro - 05 - Buscando una Luna (Agila Ac\u00fastico) [Sala Estudio Rock, Madrid 1995]-uADsKOww88k.mp4": 6.916362762451172,
        "Extremoduro - Cabezabajo (Ac\u00fastico)-3SaN5JyYMwE.mp4": 5.929925918579102,
        "Extremoduro - Deltoya-XCapgPaH_0Q.mp4": 13.615187644958496,
        "Extremoduro - El D\u00eda de la Bestia (con Albert Pla) - Versi\u00f3n BSO-Z6fN7RA6vPI.mp4": 8.609578132629395,
        "Extremoduro - Mi esp\u00edritu imperecedero (Lirycs)-2Eph-_vK7FM.mp4": 25.683144569396973,
        "Extremoduro - Rojitas las orejas (con letra).mp4": 6.824123382568359,
        "Extremoduro - So Payaso - Bely Basarte versi\u00f3n ac\u00fastica-iumBobiS3ew.mp4": 10.573923110961914,
        "Extremoduro - Tango suicida (Lyrics)-ywVubmG4og8.mp4": 26.197266578674316,
        "Extremoduro - Te venderia mi alma lucifer-21D1_nd6FsI.mp4": 10.795841217041016,
        "Extremoduro con Gatibu - Mila Doinu Aiden-5EQoynUfd_s.mp4": 15.063121795654297,
        "Oxidised Razor  Night Stalker (R.R.) (Album Carne...Sangre...)-_2PkSNhIe_A.mp4": 4.730302810668945,
        "Oxidised Razor Masticator-EHAJ28xP6zM.mp4": 5.2108659744262695,
        "Oxidised Razor-Hidrocefalo Esofagico-AenVmZFwJDo.mp4": 11.347418785095215,
        "Ximena Sari\u00f1ana - Una Vez M\u00e1s (Video Oficial)-0AwjqekXElk.mp4": 15.317307472229004,
        "oxidised razor pus excrector-pegA0xg2aU8.mp4": 5.64522647857666
    },
    "size_max": 26.197266578674316,
    "size_mean": 11.324272195498148,
    "size_min": 3.9869861602783203,
    "total_size": 271.78253269195557,
    "video_list": {
        "EXTREMODURO - Al mundo libre (In\u00e9dita)-s1rNYqkyl18.mp4": "https://github.com/circuitalmynds/music_x/blob/main/videos/EXTREMODURO%20-%20Al%20mundo%20libre%20(In%C3%A9dita)-s1rNYqkyl18.mp4?raw=true",
        "EXTREMODURO. CALLE ESPERANZA S_N-31x0_FXZK0M.mp4": "https://github.com/circuitalmynds/music_x/blob/main/videos/EXTREMODURO.%20CALLE%20ESPERANZA%20S_N-31x0_FXZK0M.mp4?raw=true",
        "EXTREMODURO. DESARRAIGO-5wzAB1zW-mk.mp4": "https://github.com/circuitalmynds/music_x/blob/main/videos/EXTREMODURO.%20DESARRAIGO-5wzAB1zW-mk.mp4?raw=true",
        "EXTREMODURO. OTRA IN\u00daTIL CANCI\u00d3N PARA LA PAZ-05g7_GhljRU.mp4": "https://github.com/circuitalmynds/music_x/blob/main/videos/EXTREMODURO.%20OTRA%20IN%C3%9ATIL%20CANCI%C3%93N%20PARA%20LA%20PAZ-05g7_GhljRU.mp4?raw=true",
        "Exit-dolfgOKNKSE.mp4": "https://github.com/circuitalmynds/music_x/blob/main/videos/Exit-dolfgOKNKSE.mp4?raw=true",
        "Extrechinato y tu - abrazado a la tristeza-oXxAJ3tV-mM.mp4": "https://github.com/circuitalmynds/music_x/blob/main/videos/Extrechinato%20y%20tu%20-%20abrazado%20a%20la%20tristeza-oXxAJ3tV-mM.mp4?raw=true",
        "Extreme - More Than Words (Official Video)-UrIiLvg58SY.mp4": "https://github.com/circuitalmynds/music_x/blob/main/videos/Extreme%20-%20More%20Than%20Words%20(Official%20Video)-UrIiLvg58SY.mp4?raw=true",
        "Extremoduro - 01 - Extremaydura (Robe, mi Peque\u00f1a Historia) [CD1]-ERGvzDE32M8.mp4": "https://github.com/circuitalmynds/music_x/blob/main/videos/Extremoduro%20-%2001%20-%20Extremaydura%20(Robe%2C%20mi%20Peque%C3%B1a%20Historia)%20%5BCD1%5D-ERGvzDE32M8.mp4?raw=true",
        "Extremoduro - 03 - Todos me Dicen (Agila Ac\u00fastico) [Sala Estudio Rock, Madrid 1995]-Qm1G9R6qkrQ.mp4": "https://github.com/circuitalmynds/music_x/blob/main/videos/Extremoduro%20-%2003%20-%20Todos%20me%20Dicen%20(Agila%20Ac%C3%BAstico)%20%5BSala%20Estudio%20Rock%2C%20Madrid%201995%5D-Qm1G9R6qkrQ.mp4?raw=true",
        "Extremoduro - 05 - Buscando una Luna (Agila Ac\u00fastico) [Sala Estudio Rock, Madrid 1995]-uADsKOww88k.mp4": "https://github.com/circuitalmynds/music_x/blob/main/videos/Extremoduro%20-%2005%20-%20Buscando%20una%20Luna%20(Agila%20Ac%C3%BAstico)%20%5BSala%20Estudio%20Rock%2C%20Madrid%201995%5D-uADsKOww88k.mp4?raw=true",
        "Extremoduro - Cabezabajo (Ac\u00fastico)-3SaN5JyYMwE.mp4": "https://github.com/circuitalmynds/music_x/blob/main/videos/Extremoduro%20-%20Cabezabajo%20(Ac%C3%BAstico)-3SaN5JyYMwE.mp4?raw=true",
        "Extremoduro - Deltoya-XCapgPaH_0Q.mp4": "https://github.com/circuitalmynds/music_x/blob/main/videos/Extremoduro%20-%20Deltoya-XCapgPaH_0Q.mp4?raw=true",
        "Extremoduro - El D\u00eda de la Bestia (con Albert Pla) - Versi\u00f3n BSO-Z6fN7RA6vPI.mp4": "https://github.com/circuitalmynds/music_x/blob/main/videos/Extremoduro%20-%20El%20D%C3%ADa%20de%20la%20Bestia%20(con%20Albert%20Pla)%20-%20Versi%C3%B3n%20BSO-Z6fN7RA6vPI.mp4?raw=true",
        "Extremoduro - Mi esp\u00edritu imperecedero (Lirycs)-2Eph-_vK7FM.mp4": "https://github.com/circuitalmynds/music_x/blob/main/videos/Extremoduro%20-%20Mi%20esp%C3%ADritu%20imperecedero%20(Lirycs)-2Eph-_vK7FM.mp4?raw=true",
        "Extremoduro - Rojitas las orejas (con letra).mp4": "https://github.com/circuitalmynds/music_x/blob/main/videos/Extremoduro%20-%20Rojitas%20las%20orejas%20(con%20letra).mp4?raw=true",
        "Extremoduro - So Payaso - Bely Basarte versi\u00f3n ac\u00fastica-iumBobiS3ew.mp4": "https://github.com/circuitalmynds/music_x/blob/main/videos/Extremoduro%20-%20So%20Payaso%20-%20Bely%20Basarte%20versi%C3%B3n%20ac%C3%BAstica-iumBobiS3ew.mp4?raw=true",
        "Extremoduro - Tango suicida (Lyrics)-ywVubmG4og8.mp4": "https://github.com/circuitalmynds/music_x/blob/main/videos/Extremoduro%20-%20Tango%20suicida%20(Lyrics)-ywVubmG4og8.mp4?raw=true",
        "Extremoduro - Te venderia mi alma lucifer-21D1_nd6FsI.mp4": "https://github.com/circuitalmynds/music_x/blob/main/videos/Extremoduro%20-%20Te%20venderia%20mi%20alma%20lucifer-21D1_nd6FsI.mp4?raw=true",
        "Extremoduro con Gatibu - Mila Doinu Aiden-5EQoynUfd_s.mp4": "https://github.com/circuitalmynds/music_x/blob/main/videos/Extremoduro%20con%20Gatibu%20-%20Mila%20Doinu%20Aiden-5EQoynUfd_s.mp4?raw=true",
        "Oxidised Razor  Night Stalker (R.R.) (Album Carne...Sangre...)-_2PkSNhIe_A.mp4": "https://github.com/circuitalmynds/music_x/blob/main/videos/Oxidised%20Razor%20%20Night%20Stalker%20(R.R.)%20(Album%20Carne...Sangre...)-_2PkSNhIe_A.mp4?raw=true",
        "Oxidised Razor Masticator-EHAJ28xP6zM.mp4": "https://github.com/circuitalmynds/music_x/blob/main/videos/Oxidised%20Razor%20Masticator-EHAJ28xP6zM.mp4?raw=true",
        "Oxidised Razor-Hidrocefalo Esofagico-AenVmZFwJDo.mp4": "https://github.com/circuitalmynds/music_x/blob/main/videos/Oxidised%20Razor-Hidrocefalo%20Esofagico-AenVmZFwJDo.mp4?raw=true",
        "Ximena Sari\u00f1ana - Una Vez M\u00e1s (Video Oficial)-0AwjqekXElk.mp4": "https://github.com/circuitalmynds/music_x/blob/main/videos/Ximena%20Sari%C3%B1ana%20-%20Una%20Vez%20M%C3%A1s%20(Video%20Oficial)-0AwjqekXElk.mp4?raw=true",
        "oxidised razor pus excrector-pegA0xg2aU8.mp4": "https://github.com/circuitalmynds/music_x/blob/main/videos/oxidised%20razor%20pus%20excrector-pegA0xg2aU8.mp4?raw=true"
    }
}