{
    "available_space": true,
    "id": "x",
    "size_max": 15.317307472229004,
    "size_mean": 15.317307472229004,
    "size_min": 15.317307472229004,
    "total_size": 15.317307472229004
}