{
    "available_space": true,
    "size_max": 15.317307472229004,
    "size_mean": 15.317307472229004,
    "size_min": 15.317307472229004,
    "total_size": 15.317307472229004,
    "video_list": {
        "Ximena Sari\u00f1ana - Una Vez M\u00e1s (Video Oficial)-0AwjqekXElk.mp4": {
            "size": 15.317307472229004
        }
    }
}